"0","str(cell_auc)
"
"1","Formal class"
"1",""
"1"," '"
"1",""
"1","aucellResults"
"1",""
"1","' [package """
"1",""
"1","AUCell"
"1",""
"1","""] with "
"1",""
"1","6 slots"
"1",""
"1","
"
"1","  .."
"1",""
"1","@ "
"1",""
"1","nGenesDetected "
"1",""
"1",":"
"1"," num(0) "
"1",""
"1",""
"1",""
"1","
"
"1","  .."
"1",""
"1","@ "
"1",""
"1","colData        "
"1",""
"1",":"
"1","Formal class"
"1",""
"1"," '"
"1",""
"1","DFrame"
"1",""
"1","' [package """
"1",""
"1","S4Vectors"
"1",""
"1","""] with "
"1",""
"1","6 slots"
"1",""
"1","
"
"1","  .. .. .."
"1",""
"1","@ "
"1",""
"1","rownames       "
"1",""
"1",":"
"1"," chr [1:4277] "
"1",""
"1","""AAGCATCTCGTTGCCT"" ""CTGTATTTCCAAGAGG"" ""CAGCAGCTCCTCAGAA"" ""AGGTCTAAGGGACTGT"""
"1",""
"1"," ..."
"1",""
"1","
"
"1","  .. .. .."
"1",""
"1","@ "
"1",""
"1","nrows          "
"1",""
"1",":"
"1"," int "
"1",""
"1","4277"
"1",""
"1","
"
"1","  .. .. .."
"1",""
"1","@ "
"1",""
"1","elementType    "
"1",""
"1",":"
"1"," chr "
"1",""
"1","""ANY"""
"1",""
"1","
"
"1","  .. .. .."
"1",""
"1","@ "
"1",""
"1","elementMetadata"
"1",""
"1",":"
"1"," NULL
"
"1","  .. .. .."
"1",""
"1","@ "
"1",""
"1","metadata       "
"1",""
"1",":"
"1"," "
"1",""
"1","list()
"
"1","  .. .. .."
"1",""
"1","@ "
"1",""
"1","listData       "
"1",""
"1",":"
"1"," "
"1",""
"1","Named "
"1",""
"1","list()
"
"1","  .."
"1",""
"1","@ "
"1",""
"1","assays         "
"1",""
"1",":"
"1","Formal class"
"1",""
"1"," '"
"1",""
"1","SimpleAssays"
"1",""
"1","' [package """
"1",""
"1","SummarizedExperiment"
"1",""
"1","""] with "
"1",""
"1","1 slot"
"1",""
"1","
"
"1","  .. .. .."
"1",""
"1","@ "
"1",""
"1","data"
"1",""
"1",":"
"1","Formal class"
"1",""
"1"," '"
"1",""
"1","SimpleList"
"1",""
"1","' [package """
"1",""
"1","S4Vectors"
"1",""
"1","""] with "
"1",""
"1","4 slots"
"1",""
"1","
"
"1","  .. .. .. .. .."
"1",""
"1","@ "
"1",""
"1","listData       "
"1",""
"1",":"
"1","List"
"1",""
"1"," of "
"1",""
"1","1"
"1",""
"1","
"
"1","  .. .. .. .. .. .."
"1",""
"1","$ "
"1",""
"1","AUC"
"1",""
"1",":"
"1"," num [1:2, 1:4277] "
"1",""
"1","0.0912 0.1544 0.0179 0.051 0.1426"
"1",""
"1"," ..."
"1",""
"1","
"
"1","  .. .. .. .. .. .. .."
"1",""
"1","- attr(*, ""dimnames"")="
"1","List"
"1",""
"1"," of "
"1",""
"1","2"
"1",""
"1","
"
"1","  .. .. .. .. .. .. .. .."
"1",""
"1","$ "
"1",""
"1","gene sets"
"1",""
"1",":"
"1"," chr [1:2] "
"1",""
"1","""ZHANG_TARGETS_OF_EWSR1_FLI1_FUSION"" ""RIGGI_EWING_SARCOMA_PROGENITOR_UP"""
"1",""
"1","
"
"1","  .. .. .. .. .. .. .. .."
"1",""
"1","$ "
"1",""
"1","cells    "
"1",""
"1",":"
"1"," chr [1:4277] "
"1",""
"1","""AAGCATCTCGTTGCCT"" ""CTGTATTTCCAAGAGG"" ""CAGCAGCTCCTCAGAA"" ""AGGTCTAAGGGACTGT"""
"1",""
"1"," ..."
"1",""
"1","
"
"1","  .. .. .. .. .."
"1",""
"1","@ "
"1",""
"1","elementType    "
"1",""
"1",":"
"1"," chr "
"1",""
"1","""ANY"""
"1",""
"1","
"
"1","  .. .. .. .. .."
"1",""
"1","@ "
"1",""
"1","elementMetadata"
"1",""
"1",":"
"1"," NULL
"
"1","  .. .. .. .. .."
"1",""
"1","@ "
"1",""
"1","metadata       "
"1",""
"1",":"
"1"," "
"1",""
"1","list()
"
"1","  .."
"1",""
"1","@ "
"1",""
"1","NAMES          "
"1",""
"1",":"
"1"," chr [1:2] "
"1",""
"1","""ZHANG_TARGETS_OF_EWSR1_FLI1_FUSION"" ""RIGGI_EWING_SARCOMA_PROGENITOR_UP"""
"1",""
"1","
"
"1","  .."
"1",""
"1","@ "
"1",""
"1","elementMetadata"
"1",""
"1",":"
"1","Formal class"
"1",""
"1"," '"
"1",""
"1","DFrame"
"1",""
"1","' [package """
"1",""
"1","S4Vectors"
"1",""
"1","""] with "
"1",""
"1","6 slots"
"1",""
"1","
"
"1","  .. .. .."
"1",""
"1","@ "
"1",""
"1","rownames       "
"1",""
"1",":"
"1"," NULL
"
"1","  .. .. .."
"1",""
"1","@ "
"1",""
"1","nrows          "
"1",""
"1",":"
"1"," int "
"1",""
"1","2"
"1",""
"1","
"
"1","  .. .. .."
"1",""
"1","@ "
"1",""
"1","elementType    "
"1",""
"1",":"
"1"," chr "
"1",""
"1","""ANY"""
"1",""
"1","
"
"1","  .. .. .."
"1",""
"1","@ "
"1",""
"1","elementMetadata"
"1",""
"1",":"
"1"," NULL
"
"1","  .. .. .."
"1",""
"1","@ "
"1",""
"1","metadata       "
"1",""
"1",":"
"1"," "
"1",""
"1","list()
"
"1","  .. .. .."
"1",""
"1","@ "
"1",""
"1","listData       "
"1",""
"1",":"
"1"," "
"1",""
"1","Named "
"1",""
"1","list()
"
"1","  .."
"1",""
"1","@ "
"1",""
"1","metadata       "
"1",""
"1",":"
"1"," "
"1",""
"1","list()
"
